{"initial_reset_timestamp": 1614173340.5162652, "timestamps": [1614173345.2277288], "episode_lengths": [198], "episode_rewards": [-127.83442927187305], "episode_types": ["t"]}