{"initial_reset_timestamp": 1609612579.6594286, "timestamps": [1609612590.5589674], "episode_lengths": [644], "episode_rewards": [644.0], "episode_types": ["t"]}