{"initial_reset_timestamp": 1609777873.2040415, "timestamps": [1609777881.4421632], "episode_lengths": [486], "episode_rewards": [-485.0], "episode_types": ["t"]}