{"initial_reset_timestamp": 1609874940.7290425, "timestamps": [1609874943.0742095], "episode_lengths": [85], "episode_rewards": [-103.43326902951239], "episode_types": ["t"]}