{"initial_reset_timestamp": 1614173437.206247, "timestamps": [1614173439.8600583], "episode_lengths": [117], "episode_rewards": [-117.88159878674709], "episode_types": ["t"]}