{"initial_reset_timestamp": 1614173365.203884, "timestamps": [1614173366.2857645], "episode_lengths": [44], "episode_rewards": [-106.76925704248312], "episode_types": ["t"]}