{"initial_reset_timestamp": 1614173228.5792418, "timestamps": [1614173230.864877], "episode_lengths": [102], "episode_rewards": [-124.37034624679448], "episode_types": ["t"]}