{"initial_reset_timestamp": 1614148177.5314739, "timestamps": [1614148261.7469163], "episode_lengths": [85], "episode_rewards": [-122.93758346056504], "episode_types": ["t"]}