{"initial_reset_timestamp": 1613662177.396187, "timestamps": [1613662179.3080914], "episode_lengths": [42], "episode_rewards": [-106.09971999504728], "episode_types": ["t"]}