{"initial_reset_timestamp": 1614173370.4726942, "timestamps": [1614173373.214464], "episode_lengths": [114], "episode_rewards": [-128.8071482576728], "episode_types": ["t"]}