{"initial_reset_timestamp": 1609728891.5854042, "timestamps": [1609728925.1287754], "episode_lengths": [2000], "episode_rewards": [-550.4061201378274], "episode_types": ["t"]}