{"initial_reset_timestamp": 1609612306.8436592, "timestamps": [1609612320.9222944], "episode_lengths": [835], "episode_rewards": [835.0], "episode_types": ["t"]}