{"initial_reset_timestamp": 1615393464.144641, "timestamps": [1615393470.1179316], "episode_lengths": [257], "episode_rewards": [302.3843948516534], "episode_types": ["t"]}