{"initial_reset_timestamp": 1615298076.4610565, "timestamps": [1615298080.9968307], "episode_lengths": [185], "episode_rewards": [238.4847801380167], "episode_types": ["t"]}