{"initial_reset_timestamp": 1615295939.9059162, "timestamps": [1615295944.9173539], "episode_lengths": [202], "episode_rewards": [263.95655710313133], "episode_types": ["t"]}