{"initial_reset_timestamp": 1609630951.435655, "timestamps": [1609630956.5223267], "episode_lengths": [277], "episode_rewards": [277.0], "episode_types": ["t"]}