{"initial_reset_timestamp": 1610408658.0283155, "timestamps": [1610408669.7375593], "episode_lengths": [89], "episode_rewards": [-125.1464579321922], "episode_types": ["t"]}