{"initial_reset_timestamp": 1609612662.2410345, "timestamps": [1609612674.162712], "episode_lengths": [705], "episode_rewards": [705.0], "episode_types": ["t"]}