{"initial_reset_timestamp": 1609291801.2685719, "timestamps": [1609291804.5014513], "episode_lengths": [183], "episode_rewards": [-183.0], "episode_types": ["t"]}