{"initial_reset_timestamp": 1609291579.2967224, "timestamps": [1609291582.8147962], "episode_lengths": [200], "episode_rewards": [-200.0], "episode_types": ["t"]}