{"initial_reset_timestamp": 1609633387.7832396, "timestamps": [1609633393.7458751], "episode_lengths": [342], "episode_rewards": [342.0], "episode_types": ["t"]}