{"initial_reset_timestamp": 1609613027.5686808, "timestamps": [1609613035.4508471], "episode_lengths": [463], "episode_rewards": [463.0], "episode_types": ["t"]}