{"initial_reset_timestamp": 1609308995.041985, "timestamps": [1609309139.3277593], "episode_lengths": [206], "episode_rewards": [-206.0], "episode_types": ["t"]}