{"initial_reset_timestamp": 1609777781.3265588, "timestamps": [1609777798.7571294], "episode_lengths": [1035], "episode_rewards": [-1034.0], "episode_types": ["t"]}