{"initial_reset_timestamp": 1609790774.8324683, "timestamps": [1609790778.8547642], "episode_lengths": [233], "episode_rewards": [287.1180001407519], "episode_types": ["t"]}