{"initial_reset_timestamp": 1609790549.2092183, "timestamps": [1609790551.424529], "episode_lengths": [126], "episode_rewards": [-80.43362846085498], "episode_types": ["t"]}