{"initial_reset_timestamp": 1609790762.142204, "timestamps": [1609790767.3251042], "episode_lengths": [300], "episode_rewards": [-117.45502646104197], "episode_types": ["t"]}