{"initial_reset_timestamp": 1609772475.3043892, "timestamps": [1609772508.913923], "episode_lengths": [2000], "episode_rewards": [-2000.0], "episode_types": ["t"]}