{"initial_reset_timestamp": 1609785824.9221635, "timestamps": [1609786057.3415782], "episode_lengths": [301], "episode_rewards": [-163.53964087739803], "episode_types": ["t"]}