{"initial_reset_timestamp": 1614977733.4624765, "timestamps": [1614977750.620137], "episode_lengths": [279], "episode_rewards": [271.53667736339605], "episode_types": ["t"]}