{"initial_reset_timestamp": 1615297922.2432482, "timestamps": [1615297927.0780766], "episode_lengths": [204], "episode_rewards": [280.8426279274582], "episode_types": ["t"]}